1;Prof. Bono;luiz.fabmilan@sp.senac.br
2;Luiz;luiz@dominio.com
3;Fer:nando;fernando@dominio.com
4;Albe rtin;albertin@dominio.com
5;Bono;bono@dominio.com
6;Milan;milan@dominio.com
7;Maria;maria@dominio.com
8;José;josé@dominio.com
